description,objectName,frameStep,locX,locY,locZ,spinX,spinY,spinZ,scaleX,scaleY,scaleZ,mmBevel
setScene,tabletop,0,0,0,-0.015,0,0,0,1.9,0.8,0.03,0.003
setScene,sphere111a,0,0.01,-0.01,0.15,0,0,0,0.02,0.02,0.02,
setScene,sphere111b,0,-0.01,0.01,0.15,0,0,0,0.02,0.02,0.02,
setScene,block221a,0,0.2,0,0.01,0,1.571,0,0.04,0.02,0.02,0.0005
setScene,block221b,0,0.23,0,0.01,0,1.571,0,0.04,0.02,0.02,0.0005
setScene,block221c,0,0.26,0,0.01,0,1.571,0,0.04,0.02,0.02,0.0005
setScene,lampCorner,0,1.6,-0.8,0.3,0,0,0,1,1,1,
setScene,lampCeiling,0,0,0.2,1.3,0,0,0,1,1,1,
tableSideView,camera,0,0.1,-1.6,0.15,1.538,0,0,1,1,1,
hold,sphere111a,20,0.01,-0.01,0.15,,,,,,,
hold,block221a,0,0.2,0,0.01,,,,,,,
rise,block221a,15,0.2,0,0.08,0,1.571,0,,,,
rotate,block221a,30,0.01,0.01,0.12,0,1.571,0,,,,
locate,sphere111a,15,0.01,-0.01,0.01,,,,,,,
hold,block221b,0,0.23,0,0.02,,,,,,,
rise,block221b,15,0.23,0,0.12,0,1.571,0,,,,
locate,block221a,30,0.01,0.01,0.02,,,,,,,
rotate,block221b,20,-0.01,0,0.12,1.571,0,1.571,,,,
hold,sphere111b,0,-0.01,0.01,0.15,,,,,,,
hold,block221c,0,0.26,0,0.02,0,1.571,0,,,,
slowPanZoom,camera,0,-0.5,-1.2,0.5,1.3,0,-0.4,,,,
rise,block221c,30,0.26,0,0.08,0,1.571,0,,,,
rotate,block221c,30,-0.01,0.02,0.12,1.571,0,0,,,,
locate,block221b,20,-0.01,0,0.01,1.571,0,1.571,,,,
locate,block221c,18,0,-0.01,0.03,,,,,,,
locate,sphere111b,20,-0.01,0.01,0.03,,,,,,,
cornerView,camera,40,-0.6,-0.2,0.4,1.1,0,-1.3,,,,
